<?xml version="1.0" encoding="UTF-8"?>
<GenRun Id="impl_1" LaunchPart="xc7s50ftgb196-1" LaunchTime="1596288341">
  <File Type="PWROPT-DCP" Name="CRC_pwropt.dcp"/>
  <File Type="ROUTE-PWR" Name="CRC_power_routed.rpt"/>
  <File Type="PA-TCL" Name="CRC.tcl"/>
  <File Type="ROUTE-PWR-SUM" Name="CRC_power_summary_routed.pb"/>
  <File Type="REPORTS-TCL" Name="CRC_reports.tcl"/>
  <File Type="BG-DRC" Name="CRC.drc"/>
  <File Type="OPT-METHODOLOGY-DRC" Name="CRC_methodology_drc_opted.rpt"/>
  <File Type="INIT-TIMING" Name="CRC_timing_summary_init.rpt"/>
  <File Type="OPT-HWDEF" Name="CRC.hwdef"/>
  <File Type="OPT-DCP" Name="CRC_opt.dcp"/>
  <File Type="OPT-DRC" Name="CRC_drc_opted.rpt"/>
  <File Type="OPT-TIMING" Name="CRC_timing_summary_opted.rpt"/>
  <File Type="PWROPT-DRC" Name="CRC_drc_pwropted.rpt"/>
  <File Type="PWROPT-TIMING" Name="CRC_timing_summary_pwropted.rpt"/>
  <File Type="PLACE-DCP" Name="CRC_placed.dcp"/>
  <File Type="PLACE-IO" Name="CRC_io_placed.rpt"/>
  <File Type="PLACE-CLK" Name="CRC_clock_utilization_placed.rpt"/>
  <File Type="PLACE-UTIL" Name="CRC_utilization_placed.rpt"/>
  <File Type="PLACE-UTIL-PB" Name="CRC_utilization_placed.pb"/>
  <File Type="PLACE-CTRL" Name="CRC_control_sets_placed.rpt"/>
  <File Type="PLACE-SIMILARITY" Name="CRC_incremental_reuse_placed.rpt"/>
  <File Type="PLACE-PRE-SIMILARITY" Name="CRC_incremental_reuse_pre_placed.rpt"/>
  <File Type="PLACE-TIMING" Name="CRC_timing_summary_placed.rpt"/>
  <File Type="POSTPLACE-PWROPT-DCP" Name="CRC_postplace_pwropt.dcp"/>
  <File Type="POSTPLACE-PWROPT-TIMING" Name="CRC_timing_summary_postplace_pwropted.rpt"/>
  <File Type="PHYSOPT-DCP" Name="CRC_physopt.dcp"/>
  <File Type="PHYSOPT-DRC" Name="CRC_drc_physopted.rpt"/>
  <File Type="BG-BIT" Name="CRC.bit"/>
  <File Type="PHYSOPT-TIMING" Name="CRC_timing_summary_physopted.rpt"/>
  <File Type="ROUTE-ERROR-DCP" Name="CRC_routed_error.dcp"/>
  <File Type="ROUTE-DCP" Name="CRC_routed.dcp"/>
  <File Type="ROUTE-BLACKBOX-DCP" Name="CRC_routed_bb.dcp"/>
  <File Type="ROUTE-DRC" Name="CRC_drc_routed.rpt"/>
  <File Type="ROUTE-DRC-PB" Name="CRC_drc_routed.pb"/>
  <File Type="BITSTR-MSK" Name="CRC.msk"/>
  <File Type="ROUTE-DRC-RPX" Name="CRC_drc_routed.rpx"/>
  <File Type="BG-BGN" Name="CRC.bgn"/>
  <File Type="ROUTE-METHODOLOGY-DRC" Name="CRC_methodology_drc_routed.rpt"/>
  <File Type="BITSTR-RBT" Name="CRC.rbt"/>
  <File Type="ROUTE-METHODOLOGY-DRC-RPX" Name="CRC_methodology_drc_routed.rpx"/>
  <File Type="BG-BIN" Name="CRC.bin"/>
  <File Type="ROUTE-METHODOLOGY-DRC-PB" Name="CRC_methodology_drc_routed.pb"/>
  <File Type="ROUTE-PWR-RPX" Name="CRC_power_routed.rpx"/>
  <File Type="ROUTE-STATUS" Name="CRC_route_status.rpt"/>
  <File Type="ROUTE-STATUS-PB" Name="CRC_route_status.pb"/>
  <File Type="ROUTE-TIMINGSUMMARY" Name="CRC_timing_summary_routed.rpt"/>
  <File Type="ROUTE-TIMING-PB" Name="CRC_timing_summary_routed.pb"/>
  <File Type="ROUTE-TIMING-RPX" Name="CRC_timing_summary_routed.rpx"/>
  <File Type="ROUTE-SIMILARITY" Name="CRC_incremental_reuse_routed.rpt"/>
  <File Type="RDI-RDI" Name="CRC.vdi"/>
  <File Type="ROUTE-CLK" Name="CRC_clock_utilization_routed.rpt"/>
  <File Type="POSTROUTE-PHYSOPT-DCP" Name="CRC_postroute_physopt.dcp"/>
  <File Type="POSTROUTE-PHYSOPT-BLACKBOX-DCP" Name="CRC_postroute_physopt_bb.dcp"/>
  <File Type="POSTROUTE-PHYSOPT-TIMING" Name="CRC_timing_summary_postroute_physopted.rpt"/>
  <File Type="POSTROUTE-PHYSOPT-TIMING-PB" Name="CRC_timing_summary_postroute_physopted.pb"/>
  <File Type="POSTROUTE-PHYSOPT-TIMING-RPX" Name="CRC_timing_summary_postroute_physopted.rpx"/>
  <File Type="BITSTR-NKY" Name="CRC.nky"/>
  <File Type="BITSTR-BMM" Name="CRC_bd.bmm"/>
  <File Type="BITSTR-MMI" Name="CRC.mmi"/>
  <File Type="BITSTR-LTX" Name="debug_nets.ltx"/>
  <File Type="BITSTR-LTX" Name="CRC.ltx"/>
  <File Type="BITSTR-SYSDEF" Name="CRC.sysdef"/>
  <File Type="WBT-USG" Name="usage_statistics_webtalk.html"/>
  <FileSet Name="sources" Type="DesignSrcs" RelSrcDir="$PSRCDIR/sources_1">
    <Filter Type="Srcs"/>
    <File Path="$PSRCDIR/sources_1/imports/new/top.v">
      <FileInfo>
        <Attr Name="ImportPath" Val="$PPRDIR/../../fish_code/CRC/project_18/project_18.srcs/sources_1/new/top.v"/>
        <Attr Name="ImportTime" Val="1596166810"/>
        <Attr Name="UsedIn" Val="synthesis"/>
        <Attr Name="UsedIn" Val="implementation"/>
        <Attr Name="UsedIn" Val="simulation"/>
      </FileInfo>
    </File>
    <Config>
      <Option Name="DesignMode" Val="RTL"/>
      <Option Name="TopModule" Val="CRC"/>
      <Option Name="TopAutoSet" Val="TRUE"/>
    </Config>
  </FileSet>
  <FileSet Name="constrs_in" Type="Constrs" RelSrcDir="$PSRCDIR/constrs_1">
    <Filter Type="Constrs"/>
    <File Path="$PSRCDIR/constrs_1/new/constraint.xdc">
      <FileInfo>
        <Attr Name="UsedIn" Val="synthesis"/>
        <Attr Name="UsedIn" Val="implementation"/>
      </FileInfo>
    </File>
    <Config>
      <Option Name="TargetConstrsFile" Val="$PSRCDIR/constrs_1/new/constraint.xdc"/>
      <Option Name="ConstrsType" Val="XDC"/>
    </Config>
  </FileSet>
  <Strategy Version="1" Minor="2">
    <StratHandle Name="Vivado Implementation Defaults" Flow="Vivado Implementation 2017">
      <Desc>Default settings for Implementation.</Desc>
    </StratHandle>
    <Step Id="init_design"/>
    <Step Id="opt_design"/>
    <Step Id="power_opt_design"/>
    <Step Id="place_design"/>
    <Step Id="post_place_power_opt_design"/>
    <Step Id="phys_opt_design"/>
    <Step Id="route_design"/>
    <Step Id="post_route_phys_opt_design"/>
    <Step Id="write_bitstream"/>
  </Strategy>
  <BlockFileSet Type="BlockSrcs" Name="vio_0"/>
</GenRun>
