<?xml version="1.0" encoding="UTF-8"?>
<GenRun Id="synth_1" LaunchPart="xc7s50ftgb196-1" LaunchTime="1596288341">
  <File Type="PA-TCL" Name="CRC.tcl"/>
  <File Type="RDS-PROPCONSTRS" Name="CRC_drc_synth.rpt"/>
  <File Type="REPORTS-TCL" Name="CRC_reports.tcl"/>
  <File Type="RDS-RDS" Name="CRC.vds"/>
  <File Type="RDS-UTIL" Name="CRC_utilization_synth.rpt"/>
  <File Type="RDS-UTIL-PB" Name="CRC_utilization_synth.pb"/>
  <File Type="RDS-DCP" Name="CRC.dcp"/>
  <File Type="VDS-TIMINGSUMMARY" Name="CRC_timing_summary_synth.rpt"/>
  <File Type="VDS-TIMING-PB" Name="CRC_timing_summary_synth.pb"/>
  <FileSet Name="sources" Type="DesignSrcs" RelSrcDir="$PSRCDIR/sources_1">
    <Filter Type="Srcs"/>
    <File Path="$PSRCDIR/sources_1/imports/new/top.v">
      <FileInfo>
        <Attr Name="ImportPath" Val="$PPRDIR/../../fish_code/CRC/project_18/project_18.srcs/sources_1/new/top.v"/>
        <Attr Name="ImportTime" Val="1596166810"/>
        <Attr Name="UsedIn" Val="synthesis"/>
        <Attr Name="UsedIn" Val="implementation"/>
        <Attr Name="UsedIn" Val="simulation"/>
      </FileInfo>
    </File>
    <Config>
      <Option Name="DesignMode" Val="RTL"/>
      <Option Name="TopModule" Val="CRC"/>
      <Option Name="TopAutoSet" Val="TRUE"/>
    </Config>
  </FileSet>
  <FileSet Name="constrs_in" Type="Constrs" RelSrcDir="$PSRCDIR/constrs_1">
    <Filter Type="Constrs"/>
    <File Path="$PSRCDIR/constrs_1/new/constraint.xdc">
      <FileInfo>
        <Attr Name="UsedIn" Val="synthesis"/>
        <Attr Name="UsedIn" Val="implementation"/>
      </FileInfo>
    </File>
    <Config>
      <Option Name="TargetConstrsFile" Val="$PSRCDIR/constrs_1/new/constraint.xdc"/>
      <Option Name="ConstrsType" Val="XDC"/>
    </Config>
  </FileSet>
  <Strategy Version="1" Minor="2">
    <StratHandle Name="Vivado Synthesis Defaults" Flow="Vivado Synthesis 2017">
      <Desc>Vivado Synthesis Defaults</Desc>
    </StratHandle>
    <Step Id="synth_design"/>
  </Strategy>
  <BlockFileSet Type="BlockSrcs" Name="vio_0"/>
</GenRun>
